<?xml version="1.0" encoding="UTF-8"?>
<project-private xmlns="http://www.netbeans.org/ns/project-private/1">
    <editor-bookmarks xmlns="http://www.netbeans.org/ns/editor-bookmarks/2" lastBookmarkId="0"/>
    <open-files xmlns="http://www.netbeans.org/ns/projectui-open-files/2">
        <group name="SCR"/>
        <group>
            <file>file:/C:/Users/Americo/Documents/GitHub/SCR_CEAPS/SCR_CEAPS/src/java/Autocomplete/AutoMedico.java</file>
            <file>file:/C:/Users/Americo/Documents/GitHub/SCR_CEAPS/SCR_CEAPS/web/js/js_farmacia.js</file>
            <file>file:/C:/Users/Americo/Documents/GitHub/SCR_CEAPS/SCR_CEAPS/src/java/Autocomplete/AutoPacientes.java</file>
            <file>file:/C:/Users/Americo/Documents/GitHub/SCR_CEAPS/SCR_CEAPS/web/receta/receta_farmacia.jsp</file>
        </group>
    </open-files>
</project-private>
